model_size,condition,fold,evaluation_setting,n,correct,incorrect,parse_failures,parse_failure_rate,accuracy,f1_yes,f1_no,macro_f1
270m,base,1,in_situation,80,38,42,5,0.0625,0.475,0.6608695652173913,0.0,0.33043478260869563
270m,base,1,cross_situation,80,38,42,4,0.05,0.475,0.6551724137931034,0.0,0.3275862068965517
270m,base,2,in_situation,80,37,43,6,0.075,0.4625,0.6491228070175439,0.0,0.32456140350877194
270m,base,2,cross_situation,80,40,40,0,0.0,0.5,0.6666666666666666,0.0,0.3333333333333333
270m,base,3,in_situation,80,38,42,5,0.0625,0.475,0.6608695652173913,0.0,0.33043478260869563
270m,base,3,cross_situation,80,40,40,0,0.0,0.5,0.6666666666666666,0.0,0.3333333333333333
270m,base,4,in_situation,80,38,42,5,0.0625,0.475,0.6608695652173913,0.0,0.33043478260869563
270m,base,4,cross_situation,80,36,44,7,0.0875,0.45,0.6371681415929203,0.0,0.3185840707964602
270m,base,5,in_situation,80,39,41,1,0.0125,0.4875,0.6554621848739496,0.0,0.3277310924369748
270m,base,5,cross_situation,80,34,46,14,0.175,0.425,0.6415094339622641,0.0,0.32075471698113206
270m,no_hint,1,in_situation,80,54,26,0,0.0,0.675,0.7346938775510204,0.5806451612903226,0.6576695194206715
270m,no_hint,1,cross_situation,80,52,28,0,0.0,0.65,0.6744186046511628,0.6216216216216216,0.6480201131363922
270m,no_hint,2,in_situation,80,50,30,0,0.0,0.625,0.6808510638297872,0.5454545454545454,0.6131528046421664
270m,no_hint,2,cross_situation,80,52,28,0,0.0,0.65,0.6956521739130435,0.5882352941176471,0.6419437340153453
270m,no_hint,3,in_situation,80,47,33,0,0.0,0.5875,0.6373626373626373,0.5217391304347826,0.57955088389871
270m,no_hint,3,cross_situation,80,56,24,0,0.0,0.7,0.76,0.6,0.6799999999999999
270m,no_hint,4,in_situation,80,50,30,0,0.0,0.625,0.6808510638297872,0.5454545454545454,0.6131528046421664
270m,no_hint,4,cross_situation,80,53,27,0,0.0,0.6625,0.7157894736842105,0.5846153846153846,0.6502024291497976
270m,no_hint,5,in_situation,80,53,27,0,0.0,0.6625,0.6823529411764706,0.64,0.6611764705882353
270m,no_hint,5,cross_situation,80,56,24,0,0.0,0.7,0.7391304347826086,0.6470588235294118,0.6930946291560103
270m,hint,1,in_situation,80,56,24,0,0.0,0.7,0.75,0.625,0.6875
270m,hint,1,cross_situation,80,52,28,0,0.0,0.65,0.6818181818181818,0.6111111111111112,0.6464646464646464
270m,hint,2,in_situation,80,56,24,0,0.0,0.7,0.7446808510638298,0.6363636363636364,0.690522243713733
270m,hint,2,cross_situation,80,54,26,0,0.0,0.675,0.6666666666666666,0.6829268292682927,0.6747967479674797
270m,hint,3,in_situation,80,57,23,0,0.0,0.7125,0.7578947368421053,0.6461538461538462,0.7020242914979757
270m,hint,3,cross_situation,80,59,21,0,0.0,0.7375,0.7789473684210526,0.676923076923077,0.7279352226720648
270m,hint,4,in_situation,80,55,25,0,0.0,0.6875,0.7191011235955056,0.647887323943662,0.6834942237695838
270m,hint,4,cross_situation,80,51,29,0,0.0,0.6375,0.6947368421052632,0.5538461538461539,0.6242914979757086
270m,hint,5,in_situation,80,41,39,0,0.0,0.5125,0.6486486486486487,0.20408163265306123,0.42636514065085496
270m,hint,5,cross_situation,80,41,39,0,0.0,0.5125,0.6666666666666666,0.09302325581395349,0.3798449612403101
1b,base,1,in_situation,80,50,30,0,0.0,0.625,0.7272727272727273,0.4,0.5636363636363637
1b,base,1,cross_situation,80,54,26,0,0.0,0.675,0.75,0.5357142857142857,0.6428571428571428
1b,base,2,in_situation,80,49,31,0,0.0,0.6125,0.7155963302752294,0.39215686274509803,0.5538765965101637
1b,base,2,cross_situation,80,43,37,0,0.0,0.5375,0.6837606837606838,0.13953488372093023,0.411647783740807
1b,base,3,in_situation,80,53,27,0,0.0,0.6625,0.7476635514018691,0.49056603773584906,0.6191147945688591
1b,base,3,cross_situation,80,49,31,0,0.0,0.6125,0.7102803738317757,0.41509433962264153,0.5626873567272086
1b,base,4,in_situation,80,51,29,0,0.0,0.6375,0.7289719626168224,0.4528301886792453,0.5909010756480338
1b,base,4,cross_situation,80,50,30,0,0.0,0.625,0.7222222222222222,0.4230769230769231,0.5726495726495726
1b,base,5,in_situation,80,50,30,0,0.0,0.625,0.7222222222222222,0.4230769230769231,0.5726495726495726
1b,base,5,cross_situation,80,49,31,0,0.0,0.6125,0.7207207207207207,0.3673469387755102,0.5440338297481154
1b,no_hint,1,in_situation,80,65,15,0,0.0,0.8125,0.8192771084337349,0.8051948051948052,0.8122359568142701
1b,no_hint,1,cross_situation,80,68,12,0,0.0,0.85,0.8604651162790697,0.8378378378378378,0.8491514770584538
1b,no_hint,2,in_situation,80,66,14,0,0.0,0.825,0.8372093023255814,0.8108108108108109,0.8240100565681961
1b,no_hint,2,cross_situation,80,64,16,0,0.0,0.8,0.8095238095238095,0.7894736842105263,0.7994987468671679
1b,no_hint,3,in_situation,80,67,13,0,0.0,0.8375,0.8470588235294118,0.8266666666666667,0.8368627450980393
1b,no_hint,3,cross_situation,80,70,10,0,0.0,0.875,0.8809523809523809,0.868421052631579,0.87468671679198
1b,no_hint,4,in_situation,80,67,13,0,0.0,0.8375,0.8395061728395061,0.8354430379746836,0.8374746054070948
1b,no_hint,4,cross_situation,80,68,12,0,0.0,0.85,0.8604651162790697,0.8378378378378378,0.8491514770584538
1b,no_hint,5,in_situation,80,69,11,0,0.0,0.8625,0.8607594936708861,0.8641975308641975,0.8624785122675418
1b,no_hint,5,cross_situation,80,65,15,0,0.0,0.8125,0.8192771084337349,0.8051948051948052,0.8122359568142701
1b,hint,1,in_situation,80,65,15,0,0.0,0.8125,0.8235294117647058,0.8,0.8117647058823529
1b,hint,1,cross_situation,80,63,17,0,0.0,0.7875,0.8,0.7733333333333333,0.7866666666666666
1b,hint,2,in_situation,80,67,13,0,0.0,0.8375,0.8470588235294118,0.8266666666666667,0.8368627450980393
1b,hint,2,cross_situation,80,62,18,0,0.0,0.775,0.775,0.775,0.775
1b,hint,3,in_situation,80,65,15,0,0.0,0.8125,0.8192771084337349,0.8051948051948052,0.8122359568142701
1b,hint,3,cross_situation,80,65,15,0,0.0,0.8125,0.8235294117647058,0.8,0.8117647058823529
1b,hint,4,in_situation,80,64,16,0,0.0,0.8,0.813953488372093,0.7837837837837838,0.7988686360779385
1b,hint,4,cross_situation,80,65,15,0,0.0,0.8125,0.8275862068965517,0.7945205479452054,0.8110533774208786
1b,hint,5,in_situation,80,70,10,0,0.0,0.875,0.8717948717948718,0.8780487804878049,0.8749218261413383
1b,hint,5,cross_situation,80,65,15,0,0.0,0.8125,0.810126582278481,0.8148148148148148,0.8124706985466479
4b,base,1,in_situation,80,72,8,0,0.0,0.9,0.9,0.9,0.9
4b,base,1,cross_situation,80,71,9,0,0.0,0.8875,0.8860759493670886,0.8888888888888888,0.8874824191279886
4b,base,2,in_situation,80,75,5,0,0.0,0.9375,0.9382716049382716,0.9367088607594937,0.9374902328488826
4b,base,2,cross_situation,80,62,18,0,0.0,0.775,0.775,0.775,0.775
4b,base,3,in_situation,80,69,11,0,0.0,0.8625,0.8571428571428571,0.8674698795180723,0.8623063683304647
4b,base,3,cross_situation,80,74,6,0,0.0,0.925,0.9210526315789473,0.9285714285714286,0.924812030075188
4b,base,4,in_situation,80,72,8,0,0.0,0.9,0.8974358974358975,0.9024390243902439,0.8999374609130707
4b,base,4,cross_situation,80,70,10,0,0.0,0.875,0.8809523809523809,0.868421052631579,0.87468671679198
4b,base,5,in_situation,80,69,11,0,0.0,0.8625,0.8533333333333334,0.8705882352941177,0.8619607843137256
4b,base,5,cross_situation,80,68,12,0,0.0,0.85,0.8461538461538461,0.8536585365853658,0.849906191369606
4b,no_hint,1,in_situation,80,77,3,0,0.0,0.9625,0.9629629629629629,0.9620253164556962,0.9624941397093296
4b,no_hint,1,cross_situation,80,75,5,0,0.0,0.9375,0.9382716049382716,0.9367088607594937,0.9374902328488826
4b,no_hint,2,in_situation,80,79,1,0,0.0,0.9875,0.9876543209876543,0.9873417721518988,0.9874980465697765
4b,no_hint,2,cross_situation,80,68,12,0,0.0,0.85,0.8666666666666667,0.8285714285714286,0.8476190476190477
4b,no_hint,3,in_situation,80,73,7,0,0.0,0.9125,0.9135802469135802,0.9113924050632911,0.9124863259884357
4b,no_hint,3,cross_situation,80,73,7,0,0.0,0.9125,0.9135802469135802,0.9113924050632911,0.9124863259884357
4b,no_hint,4,in_situation,80,77,3,0,0.0,0.9625,0.9620253164556962,0.9629629629629629,0.9624941397093296
4b,no_hint,4,cross_situation,80,71,9,0,0.0,0.8875,0.8888888888888888,0.8860759493670886,0.8874824191279886
4b,no_hint,5,in_situation,80,71,9,0,0.0,0.8875,0.891566265060241,0.8831168831168831,0.887341574088562
4b,no_hint,5,cross_situation,80,73,7,0,0.0,0.9125,0.9156626506024096,0.9090909090909091,0.9123767798466593
4b,hint,1,in_situation,80,74,6,0,0.0,0.925,0.9210526315789473,0.9285714285714286,0.924812030075188
4b,hint,1,cross_situation,80,74,6,0,0.0,0.925,0.9210526315789473,0.9285714285714286,0.924812030075188
4b,hint,2,in_situation,80,79,1,0,0.0,0.9875,0.9876543209876543,0.9873417721518988,0.9874980465697765
4b,hint,2,cross_situation,80,68,12,0,0.0,0.85,0.8571428571428571,0.8421052631578947,0.849624060150376
4b,hint,3,in_situation,80,71,9,0,0.0,0.8875,0.891566265060241,0.8831168831168831,0.887341574088562
4b,hint,3,cross_situation,80,73,7,0,0.0,0.9125,0.9156626506024096,0.9090909090909091,0.9123767798466593
4b,hint,4,in_situation,80,76,4,0,0.0,0.95,0.9512195121951219,0.9487179487179487,0.9499687304565353
4b,hint,4,cross_situation,80,73,7,0,0.0,0.9125,0.9176470588235294,0.9066666666666666,0.912156862745098
4b,hint,5,in_situation,80,73,7,0,0.0,0.9125,0.9135802469135802,0.9113924050632911,0.9124863259884357
4b,hint,5,cross_situation,80,73,7,0,0.0,0.9125,0.9135802469135802,0.9113924050632911,0.9124863259884357
