model_size,condition,evaluation_setting,n_folds,n_predictions,accuracy_mean,accuracy_sd,macro_f1_mean,macro_f1_sd,parse_failures_total,parse_failure_rate
270m,base,in_situation,5,400,0.475,0.008838834764831835,0.3287193687543667,0.0026025611970692717,22,0.055
270m,base,cross_situation,5,400,0.47000000000000003,0.03259601202601323,0.3267183322681621,0.006892035286052082,25,0.0625
270m,no_hint,in_situation,5,400,0.635,0.03468609231377901,0.6249404966383899,0.034359682224340896,0,0.0
270m,no_hint,cross_situation,5,400,0.6725,0.025617376914899,0.6626521810915091,0.02250346074163497,0,0.0
270m,hint,in_situation,5,400,0.6625,0.08431710977020027,0.6379811799264294,0.11849787160925727,0,0.0
270m,hint,cross_situation,5,400,0.6425,0.08225341938181055,0.6106666152640419,0.13473155962596053,0,0.0
1b,base,in_situation,5,400,0.6325000000000001,0.01895718861012886,0.5800356806025986,0.025753756163369723,0,0.0
1b,base,cross_situation,5,400,0.6125,0.04921254921257383,0.5467751371445693,0.08429316901541731,0,0.0
1b,no_hint,in_situation,5,400,0.835,0.018540496217739198,0.8346123752310284,0.01872759582572578,0,0.0
1b,no_hint,cross_situation,5,400,0.8375,0.030618621784789708,0.8369448749180652,0.03055810874190072,0,0.0
1b,hint,in_situation,5,400,0.8275,0.029843340965783293,0.8269307740027878,0.030146376210719243,0,0.0
1b,hint,cross_situation,5,400,0.8,0.01767766952966369,0.7993910897033092,0.017442962034719952,0,0.0
4b,base,in_situation,5,400,0.8925000000000001,0.03137475099502782,0.8923389692812288,0.03154305117730585,0,0.0
4b,base,cross_situation,5,400,0.8625,0.05590169943749474,0.8623774714729524,0.05583503687955446,0,0.0
4b,no_hint,in_situation,5,400,0.9425000000000001,0.04107919181288751,0.9424628452130867,0.041132776209603365,0,0.0
4b,no_hint,cross_situation,5,400,0.9,0.033071891388307406,0.8994909610862027,0.03396236510930049,0,0.0
4b,hint,in_situation,5,400,0.9324999999999999,0.038119876704942296,0.9324213414356995,0.03817344035520806,0,0.0
4b,hint,cross_situation,5,400,0.9025000000000001,0.029843340965783328,0.9022912117611513,0.02993328508273895,0,0.0
