context;situation;question_id;speaker_x;speaker_y;implied_meaning;options;correct_answer
X wants to know what sorts of books Y likes to read.;book_preferences;919;Have you read any Albert Camus?;I've never heard of Albert Camus.;He hasn't read Albert Camus's book, even he never heard of the author.;['Yes', 'No'];No
X wants to know what sorts of books Y likes to read.;book_preferences;32;Do you read alot?;I try to read every evening.;He maintains a regular reading habit and consequently reads a lot.;['Yes', 'No'];Yes
X wants to know what sorts of books Y likes to read.;book_preferences;186;Do you like children books?;I reread all my favorites at Christmas.;He likes to read children's book, particularly during the christmas season.;['Yes', 'No'];Yes
X wants to know what sorts of books Y likes to read.;book_preferences;1071;Is true crime too scary for you?;I find it disturbing but wouldn't say scary;Sometimes true crimes books are disturbing, eventhough it's not scary for her.;['Yes', 'No'];No
X wants to know what sorts of books Y likes to read.;book_preferences;1136;Do you enjoy books in series?;They're too time-consuming.;He don't have enough time to enjoy books.;['Yes', 'No'];No
X wants to know what sorts of books Y likes to read.;book_preferences;1261;Do you like to read paper magazines?;I never seem to get around to my growing unread pile.;He never like to read paper magazines.;['Yes', 'No'];No
X wants to know what sorts of books Y likes to read.;book_preferences;158;Do you read newspapers?;I prefer novels.;She is more interested in narratives in novels rather than reading updations in news paper.;['Yes', 'No'];No
X wants to know what sorts of books Y likes to read.;book_preferences;294;Isn't Lord of the Rings boring?;It's long, but it's engaging.;Lord of the Rings is not boring though it's long.;['Yes', 'No'];No
X wants to know what sorts of books Y likes to read.;book_preferences;169;Have you read Fifty Shades of Gray?;I try to stay away from books that are adapted to movies.;She prefer to read more classic literature which is not popularized or adapted to movies.;['Yes', 'No'];No
X wants to know what sorts of books Y likes to read.;book_preferences;364;Are you into graphic novels?;I prefer them to books.;He find graphic novels more enjoyable compared to traditional books.;['Yes', 'No'];Yes
X wants to know what sorts of books Y likes to read.;book_preferences;399;Would a book of short stories appeal to you?;I enjoy reading something quick before bed.;She has a habit of reading short stories before bed.;['Yes', 'No'];Yes
X wants to know what sorts of books Y likes to read.;book_preferences;414;Are long books your thing?;I rarely read any other type of book.;He has strong preference for long books.;['Yes', 'No'];Yes
X wants to know what sorts of books Y likes to read.;book_preferences;191;Do you know who Christine Feehan is?;Tell me about her.;He don't know about Christine Feehan but he is enthusiatic to know.;['Yes', 'No'];No
X wants to know what sorts of books Y likes to read.;book_preferences;441;Do you enjoy sci-fi books?;My husband has gotten me into them.;Now, he enjoys sci-fi books because of her husband's influence.;['Yes', 'No'];Yes
X wants to know what sorts of books Y likes to read.;book_preferences;504;Are you an avid reader?;I read constantly.;She daily managed to get time for reading in regular basis.;['Yes', 'No'];Yes
X wants to know what sorts of books Y likes to read.;book_preferences;212;Would you like to learn more about history?;Fiction is more interesting to me.;She finds fiction books more engaging than learning about history;['Yes', 'No'];No
X wants to know what sorts of books Y likes to read.;book_preferences;520;Are you into novels with a complicated plot?;Plot twists make most books more enjoyable.;He likes novels with a complicated plot as it's more enjoyable.;['Yes', 'No'];Yes
X wants to know what sorts of books Y likes to read.;book_preferences;591;Are you a fan of vampires?;Twilight slays me.;She is expressing enthusiasm in the Twilight series, which is a vampire-themed book.;['Yes', 'No'];Yes
X wants to know what sorts of books Y likes to read.;book_preferences;859;Do you enjoy horror?;I'm too easily creeped out.;She doesn't like horror as she is too easily creeped out.;['Yes', 'No'];No
X wants to know what sorts of books Y likes to read.;book_preferences;1928;Have you checked out the New York Times bestseller list?;I've never looked at it before.;He never check out the New York Times bestseller lists.;['Yes', 'No'];No
X wants to know what sorts of books Y likes to read.;book_preferences;1961;Have  you read Malcolm Gladwell's book?;I didn't know he wrote books.;He didn't  read Malcolm Gladwell's book. Even he didn't know his name.;['Yes', 'No'];No
X wants to know what sorts of books Y likes to read.;book_preferences;283;Do you prefer fiction?;Actually, I read a lot of nonfiction.;His reading preference is nonfiction rather than fiction.;['Yes', 'No'];No
X wants to know what sorts of books Y likes to read.;book_preferences;672;Have you read the Game of Throne books?;Absolutely love books about Kings Landing with the white walkers and dragons.;She read the book Game of Throne and thoroughly enjoyed too.;['Yes', 'No'];Yes
X wants to know what sorts of books Y likes to read.;book_preferences;864;Do you have a favorite writer?;Stephen King is my favorite writer.;He is a good reader and Stephen King is his favorite writer.;['Yes', 'No'];Yes
X wants to know what sorts of books Y likes to read.;book_preferences;1006;Have you done a book club before?;I was president of my middle school book club.;She was in a book club and had responsible positions in the club.;['Yes', 'No'];Yes
X wants to know what sorts of books Y likes to read.;book_preferences;1030;Do you like popular authors?;If I haven't heard of the author I won't read them.;He only read the book's of popular authors.;['Yes', 'No'];Yes
X wants to know what sorts of books Y likes to read.;book_preferences;1363;Do you enjoy being shocked by an ending?;Surprise is great in a book.;I enjoy being shocked by an ending as I like surprises in a book.;['Yes', 'No'];Yes
X wants to know what sorts of books Y likes to read.;book_preferences;1562;Do you like like talking about books with others?;I often discuss what I'm reading with people.;She likes talking about books with others.;['Yes', 'No'];Yes
X wants to know what sorts of books Y likes to read.;book_preferences;1616;Are you a fan of horror books?;The scarier, the better;He is a fan of horror books as he like scary books.;['Yes', 'No'];Yes
X wants to know what sorts of books Y likes to read.;book_preferences;518;Do you like books about astrology?;I don't believe in that stuff.;He is not into the astrology genre because he is unable to find it convincing.;['Yes', 'No'];No
X wants to know what sorts of books Y likes to read.;book_preferences;1662;Do you read any international books?;I do at times;He reads international books.;['Yes', 'No'];Yes
X wants to know what sorts of books Y likes to read.;book_preferences;1786;Do you read non-fiction books?;I read biographies and science books.;He reads biographies and science books. So it seems he doesn't prefer non fiction books.;['Yes', 'No'];Yes
X wants to know what sorts of books Y likes to read.;book_preferences;690;Would you like a romance story?;They can be pretty mushy.;He is not particularly fond of romance stories due to their tendency to be overly sentimental.;['Yes', 'No'];No
X wants to know what sorts of books Y likes to read.;book_preferences;761;Have you read the new Game of Thrones books?;I've only watched the TV series.;He has no interest in reading and his favorite hobby is to watching TV series.;['Yes', 'No'];No
X wants to know what sorts of books Y likes to read.;book_preferences;780;Do you prefer books published recently?;I don't care when a book was published.;She is less concerned about the year of publication but the content matters.;['Yes', 'No'];No
X wants to know what sorts of books Y likes to read.;book_preferences;811;Do you have a favorite author?;I like too many to make a decision.;She is a regular reader and have a list of favorite author, so picking one is difficult.;['Yes', 'No'];No
X wants to know what sorts of books Y likes to read.;book_preferences;834;Have you read Khalid Hoseni yet?;One of his books has been sitting on my bookshelf all year.;She has not yet read the book by Khalid Hosseini despite having it on her bookshelf for a long time.;['Yes', 'No'];No
X wants to know what sorts of books Y likes to read.;book_preferences;839;Do you ever read books on an E-reader;Reading on a screen makes my eyes hurt.;She had experienced E-book reading but it makes her eyes hurt.;['Yes', 'No'];No
X wants to know what sorts of books Y likes to read.;book_preferences;1838;Do you go to bookstores?;I love Barnes and Noble.;He loves going to to bookstores, particularly Barnes and Noble.;['Yes', 'No'];Yes
X wants to know what sorts of books Y likes to read.;book_preferences;13;Want to go to the library to browse?;More than you know.;He has strong desire for going to library to browse;['Yes', 'No'];Yes
Y has just told X that he/she is thinking of buying a flat in New York.;buying_a_flat;111;Are you thinking about moving to New York permanently?;I don't want to retire there.;She does not intend to spend their retirement time in New York.;['Yes', 'No'];No
Y has just told X that he/she is thinking of buying a flat in New York.;buying_a_flat;131;Does it have two bedrooms?;It's a studio.;As it is a studio apaertment, it mostly have single bedroom.;['Yes', 'No'];No
Y has just told X that he/she is thinking of buying a flat in New York.;buying_a_flat;42;Can you show proof of income?;I have all of my financial records in order.;She is ready to provide evidence of her income if required because she is having a habit of maitaining all financial records in order.;['Yes', 'No'];Yes
Y has just told X that he/she is thinking of buying a flat in New York.;buying_a_flat;133;Is a basement flat okay?;I need to be above ground.;She is not at all ok with basement or even groud floor flat, she is looking for first floor onwards.;['Yes', 'No'];No
Y has just told X that he/she is thinking of buying a flat in New York.;buying_a_flat;96;Did you research the pros and cons?;I've had a lot of advice.;He collected relevant information from the experts and had significant amount of advices.;['Yes', 'No'];Yes
Y has just told X that he/she is thinking of buying a flat in New York.;buying_a_flat;101;Do you want to live close to a subway stop?;The subway would make my commute easier.;She want to live close to a subway stop, which would make her commute easier.;['Yes', 'No'];Yes
Y has just told X that he/she is thinking of buying a flat in New York.;buying_a_flat;231;Is the neighborhood good?;It's upscale with low crime.;He consider his neighborhood a good one due to its low crime rate.;['Yes', 'No'];Yes
Y has just told X that he/she is thinking of buying a flat in New York.;buying_a_flat;342;Do you have any pets?;Our goldfish and cats get along well.;She loves pets and having goldfish and cats.;['Yes', 'No'];Yes
Y has just told X that he/she is thinking of buying a flat in New York.;buying_a_flat;152;Are you wanting to move into the capital?;My first choice is Manhattan.;She has a specific interest to live in the capital city, specifically Manhattan;['Yes', 'No'];No
Y has just told X that he/she is thinking of buying a flat in New York.;buying_a_flat;156;Have you discussed buying a flat with your family?;My mom doesn't know yet.;Her mother is not aware of her intention to purchase a flat, she kept it as a secret.;['Yes', 'No'];No
Y has just told X that he/she is thinking of buying a flat in New York.;buying_a_flat;306;Do you want to live in a quiet neighborhood?;I enjoy being in the action.;He doesn't want to live in a quiet neighborhood as he prefers being in the action.;['Yes', 'No'];No
Y has just told X that he/she is thinking of buying a flat in New York.;buying_a_flat;363;Will you need a loan to buy it?;Maybe a little one;She require a small loan to purchase the item being discussed.;['Yes', 'No'];Yes
Y has just told X that he/she is thinking of buying a flat in New York.;buying_a_flat;1431;Are you looking for a place with more than one bathroom?;I only need the one;He needs only one bathroom so he is not looking for a place with more than one bathroom.;['Yes', 'No'];No
Y has just told X that he/she is thinking of buying a flat in New York.;buying_a_flat;416;Is the apartment big enough?;All of my stuff will fit.;The apartment is big enough to accommodate all of his belongings.;['Yes', 'No'];Yes
Y has just told X that he/she is thinking of buying a flat in New York.;buying_a_flat;519;Are you thinking of moving soon?;As soon as possible;She is thinking of moving as soon as possible.;['Yes', 'No'];Yes
Y has just told X that he/she is thinking of buying a flat in New York.;buying_a_flat;524;Are you comfortable with a busy city?;I can handle it.;He is comfortable and believe that he can manage fast-paced and crowded nature of the urban areas.;['Yes', 'No'];Yes
Y has just told X that he/she is thinking of buying a flat in New York.;buying_a_flat;1648;Have you decided which neighborhood you want to buy in?;I've still got some research to do.;He has not decided which neighbourhood he wants to buy in.;['Yes', 'No'];No
Y has just told X that he/she is thinking of buying a flat in New York.;buying_a_flat;537;Are you looking for a newer flat?;Newer properties need less maintenance than older ones.;She prefer to look for newer flat rather than older ones because compared to older its maintenance cost is less.;['Yes', 'No'];Yes
Y has just told X that he/she is thinking of buying a flat in New York.;buying_a_flat;1782;Would you like a lower level flat?;I want a view over the city.;He wants a view over the city. So he doesn't prefer a lower level flat.;['Yes', 'No'];No
Y has just told X that he/she is thinking of buying a flat in New York.;buying_a_flat;666;Can we stay with you when we visit?;My apartment is too small.;The apartment is too small, so they can't stay there .;['Yes', 'No'];No
Y has just told X that he/she is thinking of buying a flat in New York.;buying_a_flat;561;Do you know how much rent is?;Everything will be expensive.;The rent is high or above average.;['Yes', 'No'];Yes
Y has just told X that he/she is thinking of buying a flat in New York.;buying_a_flat;1907;Does it have a view?;There are no windows.;The flat has no any window, as well as there is no view.;['Yes', 'No'];No
Y has just told X that he/she is thinking of buying a flat in New York.;buying_a_flat;1748;Are parking fees included in your rental agreement?;There's not a parking lot for cars.;There's not a parking lot for cars, so parking fees are not included in his rental agreement;['Yes', 'No'];No
Y has just told X that he/she is thinking of buying a flat in New York.;buying_a_flat;1871;Does it include a parking spot?;Parking costs extra.;It doesn't nclude a parking spot. Here parking cost is extra.;['Yes', 'No'];No
Y has just told X that he/she is thinking of buying a flat in New York.;buying_a_flat;281;Are you open to having roommates?;Right now I would really like to live alone.;Currently, he prefer to live alone and does not like to have roommates.;['Yes', 'No'];No
Y has just told X that he/she is thinking of buying a flat in New York.;buying_a_flat;1185;Would you consider renting the flat out for extra money ?;I'll do anything for more income.;He considers renting the flat as he needs more income.;['Yes', 'No'];Yes
Y has just told X that he/she is thinking of buying a flat in New York.;buying_a_flat;1217;Is it in a good location?;It overlooks Central Park.;The flat is in a good location and assued a central Park.;['Yes', 'No'];Yes
Y has just told X that he/she is thinking of buying a flat in New York.;buying_a_flat;1253;Would you like a large building?;I wouldn't mind;She likes large building.;['Yes', 'No'];Yes
Y has just told X that he/she is thinking of buying a flat in New York.;buying_a_flat;1266;Does it have a good view?;The trees stretching out into the horizon are awe-inspiring.;It have a good view that the trees streching out into the horizon.;['Yes', 'No'];Yes
Y has just told X that he/she is thinking of buying a flat in New York.;buying_a_flat;1321;Can I come visit you?;You can sleep on my couch.;She can come to visit him if she can sleep on his couch.;['Yes', 'No'];Yes
Y has just told X that he/she is thinking of buying a flat in New York.;buying_a_flat;47;Are you getting a flat in the city?;I can only afford New Jersey.;His budget allows him to consider obtaining a flat in New Jersey city.;['Yes', 'No'];No
Y has just told X that he/she is thinking of buying a flat in New York.;buying_a_flat;1426;Can you afford it long term?;I can afford anything;She can afford it for long term.;['Yes', 'No'];Yes
Y has just told X that he/she is thinking of buying a flat in New York.;buying_a_flat;1496;Isn't it really expensive?;The prices are sky high.;The flat is really expensive in New York.;['Yes', 'No'];Yes
Y has just told X that he/she is thinking of buying a flat in New York.;buying_a_flat;1621;Do you know how much flats usually go for?;I have a fair idea;He roughly knows price of the flats in New York.;['Yes', 'No'];Yes
Y has just told X that he/she is thinking of buying a flat in New York.;buying_a_flat;659;Do you need a yard?;Central Park will be my new yard.;He plan to spend time and enjoy outdoor activities in Central Park instead of needing a private yard.;['Yes', 'No'];No
Y has just told X that he/she is thinking of buying a flat in New York.;buying_a_flat;71;Is New York your only option?;There is also an opening in Boston.;Other than New York, he is having oppertunity in Boston as well.;['Yes', 'No'];No
Y has just told X that he/she is thinking of buying a flat in New York.;buying_a_flat;792;Would you consider somewhere cheaper?;It's cheaper elsewhere for a reason - look at all New York has to offer!;She is willing to pay a higher price to live in New York because she value the city's offerings and opportunities despite the higher cost of living.;['Yes', 'No'];No
Y has just told X that he/she is thinking of buying a flat in New York.;buying_a_flat;765;Have you found a place yet?;Still on the hunt!;He hasn't find a place yet and still in search.;['Yes', 'No'];No
Y has just told X that he/she is thinking of buying a flat in New York.;buying_a_flat;827;Do you need a separate office?;I work on my bed.;She don't want a seperate office, she can even work on her bed.;['Yes', 'No'];No
Y has just told X that he/she is thinking of buying a flat in New York.;buying_a_flat;1770;Did you visit any flats you're interested in yet?;I saw one potential place yesterday.;He visited a flat yesterday.;['Yes', 'No'];Yes
X and Y are colleagues who are leaving work on a Friday at the same time.;colleagues_leaving_work;105;Ready for the weekend?;We're going to my mom's house.;She is ready with her weekend plan to visit her mom's house.;['Yes', 'No'];Yes
X and Y are colleagues who are leaving work on a Friday at the same time.;colleagues_leaving_work;583;Do you want a lift home?;I'm gonna walk.;She is not expecting a lift today because she would like to take a walk.;['Yes', 'No'];No
X and Y are colleagues who are leaving work on a Friday at the same time.;colleagues_leaving_work;109;Are you spending time with friends or family over the weekend?;I have too much work to do.;Her workload is preventing from spending time with her friends or family during the weekend.;['Yes', 'No'];No
X and Y are colleagues who are leaving work on a Friday at the same time.;colleagues_leaving_work;1013;Do you need a ride anywhere?;I need to go to the store.;She wish to pick up the offer as she need to go to the store.;['Yes', 'No'];Yes
X and Y are colleagues who are leaving work on a Friday at the same time.;colleagues_leaving_work;775;I'm so bored, wanna go have some fun?;I could be up for some kicks.;She is open to the idea of having fun.;['Yes', 'No'];Yes
X and Y are colleagues who are leaving work on a Friday at the same time.;colleagues_leaving_work;1043;Do you know if it's raining outside?;I saw that.;He observed rain outside.;['Yes', 'No'];Yes
X and Y are colleagues who are leaving work on a Friday at the same time.;colleagues_leaving_work;128;Are you doing anything fun tonight?;I'm going to hit the hay early.;She does not have any plans and instead intends to go to bed early.;['Yes', 'No'];No
X and Y are colleagues who are leaving work on a Friday at the same time.;colleagues_leaving_work;1057;Are you going to watch the game this weekend?;I never miss a game.;He is a great fan of games and he never miss a game.;['Yes', 'No'];Yes
X and Y are colleagues who are leaving work on a Friday at the same time.;colleagues_leaving_work;1221;Want to grab a bite to eat?;I ate just an hour ago.;She ate just an hour ago. Therefore, she does not want to grab a bite to eat.;['Yes', 'No'];No
X and Y are colleagues who are leaving work on a Friday at the same time.;colleagues_leaving_work;350;Is it time to relax?;It's time to party!;It's time to party rather than relax.;['Yes', 'No'];No
X and Y are colleagues who are leaving work on a Friday at the same time.;colleagues_leaving_work;1276;Were you able to finish that project before end of day?;Almost, but I got caught up with something else.;I was able to finish that project before end of day, but I got pot up with something else.;['Yes', 'No'];No
X and Y are colleagues who are leaving work on a Friday at the same time.;colleagues_leaving_work;148;Heading home?;I am off to the horse track.;She interested in horse racing and is planning to engage in that instead of going home.;['Yes', 'No'];No
X and Y are colleagues who are leaving work on a Friday at the same time.;colleagues_leaving_work;165;Do you have your kids this weekend?;They are at their dad's house.;Her children have a shared custody arrangement and this weekend they are with their dad's house.;['Yes', 'No'];No
X and Y are colleagues who are leaving work on a Friday at the same time.;colleagues_leaving_work;1480;Are you taking any work home to do over the weekend?;A spreadsheet or two.;She is taking few spreadsheets to home to do over the weekend.;['Yes', 'No'];Yes
X and Y are colleagues who are leaving work on a Friday at the same time.;colleagues_leaving_work;89;Do you want to go for brunch tomorrow?;I've booked us seats.;She wants to go for brunch tomorrow and she already booed their seats.;['Yes', 'No'];Yes
X and Y are colleagues who are leaving work on a Friday at the same time.;colleagues_leaving_work;1595;Do you have to be home for a certain time?;The joy of being single, my time is my own.;He doesn't have to be in home after work, because he is single so ha had his own time.;['Yes', 'No'];No
X and Y are colleagues who are leaving work on a Friday at the same time.;colleagues_leaving_work;197;Hey if you're up to it, would you like to hit the gym with me in the morning?;I'm already going to a yoga class.;As he is already committed to yoga classes, he is unable to join gym sessions.;['Yes', 'No'];No
X and Y are colleagues who are leaving work on a Friday at the same time.;colleagues_leaving_work;1002;Want to grab a coffee/drink?;My wife is expecting me in five minutes.;He does not want to have a cup of coffee or drink as his wife is waiting for him.;['Yes', 'No'];No
X and Y are colleagues who are leaving work on a Friday at the same time.;colleagues_leaving_work;1746;Are you meeting everyone at the bar?;I'm giving them a head start.;He is giving everyone a head start at the bar.;['Yes', 'No'];Yes
X and Y are colleagues who are leaving work on a Friday at the same time.;colleagues_leaving_work;924;Is that big project you were working on done?;I have a few finishing touches.;The project is about to be done.;['Yes', 'No'];No
X and Y are colleagues who are leaving work on a Friday at the same time.;colleagues_leaving_work;1898;Has this work week gone quickly for you?;It's gone at a snail's pace.;There was a heavy work load that's why the week passed at a snail's pace.;['Yes', 'No'];No
X and Y are colleagues who are leaving work on a Friday at the same time.;colleagues_leaving_work;240;Do you want me to walk you to your car?;If you don't mind.;She likes his companionship and appreciate to have a walk with him to car.;['Yes', 'No'];Yes
X and Y are colleagues who are leaving work on a Friday at the same time.;colleagues_leaving_work;267;Are you leaving as well?;I'm on my way home.;She is getting ready to leave and heading towards her residence.;['Yes', 'No'];Yes
X and Y are colleagues who are leaving work on a Friday at the same time.;colleagues_leaving_work;106;Do you have your keys?;They're in my pocket.;She is having her keys, specifically in her pockets.;['Yes', 'No'];Yes
X and Y are colleagues who are leaving work on a Friday at the same time.;colleagues_leaving_work;3;Got anything going on on Saturday?;I am planting the garden.;She already have a plan for gardening on saturday;['Yes', 'No'];Yes
X and Y are colleagues who are leaving work on a Friday at the same time.;colleagues_leaving_work;343;Are you planning to take a vacation soon?;We leave for Spain next month.;He has scheduled to visit Spain next month.;['Yes', 'No'];Yes
X and Y are colleagues who are leaving work on a Friday at the same time.;colleagues_leaving_work;358;Did you guys have a productive week?;It was a pretty busy week.;Her week was productive and had a significant amount of work related activities.;['Yes', 'No'];Yes
X and Y are colleagues who are leaving work on a Friday at the same time.;colleagues_leaving_work;394;Should we go for a drink?;We should go to our old hangout.;She prefer to revisit their familiar frequent place for a drink.;['Yes', 'No'];Yes
X and Y are colleagues who are leaving work on a Friday at the same time.;colleagues_leaving_work;398;Want to grab dinner/lunch?;I am starving.;He is starving and ready to have anything that is substantial.;['Yes', 'No'];Yes
X and Y are colleagues who are leaving work on a Friday at the same time.;colleagues_leaving_work;424;Will you be working tomorrow?;I managed to finish everything today.;She has no plan to work tomorrow, so she is trying hard to complete her work today itself.;['Yes', 'No'];No
X and Y are colleagues who are leaving work on a Friday at the same time.;colleagues_leaving_work;465;Do you have a date?;I'm meeting my kids.;Currently He is not interested in dating, instead he focused on spending time with his kids.;['Yes', 'No'];No
X and Y are colleagues who are leaving work on a Friday at the same time.;colleagues_leaving_work;515;Is it the end of the day already?;It's hard to believe.;The work load of the day was such a way that that he was no idea about passing of time.;['Yes', 'No'];Yes
X and Y are colleagues who are leaving work on a Friday at the same time.;colleagues_leaving_work;629;Want to go dancing tonight?;that would be fun;He is interested and willing to go dancing tonight.;['Yes', 'No'];Yes
X and Y are colleagues who are leaving work on a Friday at the same time.;colleagues_leaving_work;697;Want to share a taxi back to Heswall ?;I'm taking the bus back.;She prefers taking the bus back to Heswall instead of sharing a taxi.;['Yes', 'No'];No
X and Y are colleagues who are leaving work on a Friday at the same time.;colleagues_leaving_work;719;Do you work everyday of the week?;I get Mondays off.;His working days are tuesday to saturday, indicating he will get one day off in a week.;['Yes', 'No'];No
X and Y are colleagues who are leaving work on a Friday at the same time.;colleagues_leaving_work;769;Do you want to go see a movie?;I might be too tired.;She might be too tired and not in a mood to see a movie.;['Yes', 'No'];No
X and Y are colleagues who are leaving work on a Friday at the same time.;colleagues_leaving_work;830;Want to go to Happy Hour?;I'll meet you there.;She is open to the plan.;['Yes', 'No'];Yes
X and Y are colleagues who are leaving work on a Friday at the same time.;colleagues_leaving_work;871;Are you going to login to the all-hands meeting online?;I have a doctors appointment.;She will not be able to attend the all-hands meeting online due to the conflicting schedule with the doctor's appointment.;['Yes', 'No'];No
X and Y are colleagues who are leaving work on a Friday at the same time.;colleagues_leaving_work;879;You want to crash a friend's house?;I like to sleep in my own bed.;She prefers to sleep in her own home and not at her friend's house.;['Yes', 'No'];No
X and Y are colleagues who are leaving work on a Friday at the same time.;colleagues_leaving_work;880;Are the two of you dating now?;We've gone out a few times.;They just had outing a few times but not had official dating.;['Yes', 'No'];Yes
X wants to know about Y's food preferences.;food_preferences;98;Do you enjoy eating spicy food?;It upsets my stomach.;He does not enjoy eating spicy food buecause it badly affect his stomach.;['Yes', 'No'];No
X wants to know about Y's food preferences.;food_preferences;100;Have you ever had allergies to food?;I only have allergies to bee stings.;He does not have any food allergies but specifically has allergies to bee stings.;['Yes', 'No'];No
X wants to know about Y's food preferences.;food_preferences;928;Have you tried that new Thai restaurant on the high street?;Is it any good?;She han't tried new Thai restaurant on the high street .;['Yes', 'No'];No
X wants to know about Y's food preferences.;food_preferences;996;Do you like biryani?;Indian cuisine is the best.;She enjoys Indian cuisine, including biryani.;['Yes', 'No'];Yes
X wants to know about Y's food preferences.;food_preferences;12;Do you like buffets?;I can never eat that much.;He likes buffet but unable to eat large quantity of food associated with it;['Yes', 'No'];No
X wants to know about Y's food preferences.;food_preferences;1141;Do you want to go grab a Brooklyn style pizza?;I've always wanted to try one.;She would like to have  Brooklyn style pizza.;['Yes', 'No'];Yes
X wants to know about Y's food preferences.;food_preferences;609;Would you eat snails?;If forced.;She don't like snails but she consumes it in some situation.;['Yes', 'No'];No
X wants to know about Y's food preferences.;food_preferences;1389;Enjoy diner food?;It's very comforting.;I liked the dinner and it was very comforting.;['Yes', 'No'];Yes
X wants to know about Y's food preferences.;food_preferences;1395;Do you enjoy American Food?;I find it very tasteless and unhealthy.;I don't like American food as  it's very tasteless and unhealthy.;['Yes', 'No'];No
X wants to know about Y's food preferences.;food_preferences;162;Would you eat fish?;I'm a vegetarian.;She is pure vegetarian, so she don't eat fish.;['Yes', 'No'];No
X wants to know about Y's food preferences.;food_preferences;1466;Have you ever tried deer?;I've had venison jerky before.;She had venison jerky before instead of deer.;['Yes', 'No'];Yes
X wants to know about Y's food preferences.;food_preferences;175;Do you have a high budget?;I'm trying to cut back on my spending.;She had high level spending habit but now she is trying to control her habit with in minimum budget.;['Yes', 'No'];No
X wants to know about Y's food preferences.;food_preferences;1632;Are you a vegetarian?;That's laughable.;She isn't vegetarian.;['Yes', 'No'];No
X wants to know about Y's food preferences.;food_preferences;1725;Have you ever try Mexican food?;Several times.;He ate Mexican foods many time.;['Yes', 'No'];Yes
X wants to know about Y's food preferences.;food_preferences;1762;Do you eat meat?;I am a hunter.;She eats meat.;['Yes', 'No'];Yes
X wants to know about Y's food preferences.;food_preferences;1737;Do you like Italian food?;Anytime, any day.;She likes Italian foods.;['Yes', 'No'];Yes
X wants to know about Y's food preferences.;food_preferences;1798;Do you prefer healthy food?;I'm a fast food junkie.;He prefers fast food instead of having healthy food.;['Yes', 'No'];No
X wants to know about Y's food preferences.;food_preferences;1803;Is there anything you absolutely won't eat?;Cow's eyeballs!;She eats everyrhing excepts cow's eyeballs.;['Yes', 'No'];Yes
X wants to know about Y's food preferences.;food_preferences;1896;Are you a fan of salads?;Steak is what I really want.;She wants steaks instead of salads.;['Yes', 'No'];No
X wants to know about Y's food preferences.;food_preferences;1926;Want to have a taste of leg of lamb?;Lamb turns me off.;He doesn't like eating lamb.;['Yes', 'No'];No
X wants to know about Y's food preferences.;food_preferences;246;Do you like rice?;I eat rice with nearly every meal!;She like rice and she must include it in every meal.;['Yes', 'No'];Yes
X wants to know about Y's food preferences.;food_preferences;29;Do you enjoy seafood?;I like crab and lobster.;He is not interested in seafood in general, only likes crab and lobster.;['Yes', 'No'];Yes
X wants to know about Y's food preferences.;food_preferences;291;Would you like to watch a movie while we eat dinner?;Dinner and a movie sounds great.;He is much interested in watching movie while having dinner.;['Yes', 'No'];Yes
X wants to know about Y's food preferences.;food_preferences;310;Do you like to go to high-end place?;I only eat McDonald's.;He prefer for a more affordable dining like McDonald's.;['Yes', 'No'];No
X wants to know about Y's food preferences.;food_preferences;311;Do you enjoy a quiet restaurant atmosphere?;It's very relaxing.;She enjoys calm and quiet restaurant atmosphere that always makes him feel relaxing.;['Yes', 'No'];Yes
X wants to know about Y's food preferences.;food_preferences;351;Do you prefer to eat later in the evening?;I try to eat before 7pm.;He has a habit of consuming his dinner earlier, before 7 pm.;['Yes', 'No'];No
X wants to know about Y's food preferences.;food_preferences;415;Have you had pizza recently?;My husband ordered some last night.;Pizza is not in her favorite list but her husband likes pizza and he had pizza last night.;['Yes', 'No'];Yes
X wants to know about Y's food preferences.;food_preferences;419;Do you like beer with your Pizza?;That is very gross.;He finds the combination of beer and pizza unappealing.;['Yes', 'No'];No
X wants to know about Y's food preferences.;food_preferences;427;Have you got an allergy to nuts?;I'm not allergic to anything.;She does not have any allergies, including nuts.;['Yes', 'No'];No
X wants to know about Y's food preferences.;food_preferences;429;Are you still on a Paleo diet?;I have started on the Keto diet.;She started an alternative Keto diet instead of Paleo diet.;['Yes', 'No'];No
X wants to know about Y's food preferences.;food_preferences;448;Have you had sushi before?;Sushi is raw, which is bad for my stomach.;She had sushi before and he experienced stomac upset because of its raw nature.;['Yes', 'No'];No
X wants to know about Y's food preferences.;food_preferences;494;Do you like vegan food?;I always feel good about plant based.;She likes vegan food because he feels positive about eating plant-based food.;['Yes', 'No'];Yes
X wants to know about Y's food preferences.;food_preferences;571;Do you eat breakfast early in the morning?;I usually skip it.;As part of her diet, she normally avoid breakfast.;['Yes', 'No'];No
X wants to know about Y's food preferences.;food_preferences;579;Have you had pho?;I eat it often.;He enjoys pho and has it as a regular part of his diet.;['Yes', 'No'];Yes
X wants to know about Y's food preferences.;food_preferences;65;Do you like American style cuisine?;I like burgers.;He likes some of the American style cuisine, especially burgers.;['Yes', 'No'];Yes
X wants to know about Y's food preferences.;food_preferences;650;Are you into fast food;That new Popeye's sandwich is so good.;She enjoy fast food, especially the new Popeye's sandwich.;['Yes', 'No'];Yes
X wants to know about Y's food preferences.;food_preferences;756;Do you like fancy restaurants?;Fine food is my favourite thing.;No matter whether the restaurant is fancy or not but he just concerned about the quality of food.;['Yes', 'No'];Yes
X wants to know about Y's food preferences.;food_preferences;83;Do you like ethnic food?;I like anything from another country.;He has enjoyment in experiencing  the diverse range of food that include ethnic food also.;['Yes', 'No'];Yes
X wants to know about Y's food preferences.;food_preferences;620;Do you like to eat at restaurants where they have a prix fix menus?;Those are always too expensive.;His budget is very low and he cannot afford that expense.;['Yes', 'No'];No
X wants to know about Y's food preferences.;food_preferences;901;Do you have any dietary restrictions?;I avoid sugar.;He is having health issues and now he is in strict restriction for sugar consumption.;['Yes', 'No'];Yes
X and Y are childhood neighbours who unexpectedly run into each other at a cafe.;meeting_childhood_neighbour;0;Would you like to exchange numbers?;I'll get my contacts open here.;He likes to exchange numbers;['Yes', 'No'];Yes
X and Y are childhood neighbours who unexpectedly run into each other at a cafe.;meeting_childhood_neighbour;44;Are you still living in the same house?;It burned down soon after I went to college.;Soon after he went to college, the house burned down, so he is not still living in the same house.;['Yes', 'No'];No
X and Y are childhood neighbours who unexpectedly run into each other at a cafe.;meeting_childhood_neighbour;140;Do you have kids?;My daughter is five years old.;She is having a five year old child.;['Yes', 'No'];Yes
X and Y are childhood neighbours who unexpectedly run into each other at a cafe.;meeting_childhood_neighbour;196;Would you live there again if you had the chance?;I miss it very much.;She had a good experience living there and would be willing to live there again if given the opportunity.;['Yes', 'No'];Yes
X and Y are childhood neighbours who unexpectedly run into each other at a cafe.;meeting_childhood_neighbour;206;Are you still working as a lawyer?;I'm now a senior partner.;She was working as a lawyer but now she shifted to a senior partner.;['Yes', 'No'];Yes
X and Y are childhood neighbours who unexpectedly run into each other at a cafe.;meeting_childhood_neighbour;221;Do you still like McDonald's?;I gave up junk food.;He made conscious decision to avoid  junk food from his diet, including McDonald's.;['Yes', 'No'];No
X and Y are childhood neighbours who unexpectedly run into each other at a cafe.;meeting_childhood_neighbour;229;Is it true you got married last year?;I have a wedding ring to prove it.;He got married last year and he is having wedding ring as a proof.;['Yes', 'No'];Yes
X and Y are childhood neighbours who unexpectedly run into each other at a cafe.;meeting_childhood_neighbour;288;Are you still in touch with friends from our old neighborhood?;Tina and I talk everyday.;She do have contact with only Tina, but not with all other old neighborhood friends.;['Yes', 'No'];Yes
X and Y are childhood neighbours who unexpectedly run into each other at a cafe.;meeting_childhood_neighbour;334;Can I have your number so we can reconnect later?;I will text you.;So that they can meet up later, she can get his number.;['Yes', 'No'];Yes
X and Y are childhood neighbours who unexpectedly run into each other at a cafe.;meeting_childhood_neighbour;375;Do you have children?;I plan to someday.;She currently does not have children but intends to have them in the future.;['Yes', 'No'];No
X and Y are childhood neighbours who unexpectedly run into each other at a cafe.;meeting_childhood_neighbour;380;Are you still living in San Antonio?;All my life!;She still living in San Antonio and has no plan to move from there.;['Yes', 'No'];Yes
X and Y are childhood neighbours who unexpectedly run into each other at a cafe.;meeting_childhood_neighbour;389;Did you get married?;I'm engaged.;He is currently in an engaged relationship and planning to marry soon.;['Yes', 'No'];No
X and Y are childhood neighbours who unexpectedly run into each other at a cafe.;meeting_childhood_neighbour;444;Are your mum and dad still alive?;Both are sill kicking.;Her mum and dad are still alive and healthy.;['Yes', 'No'];Yes
X and Y are childhood neighbours who unexpectedly run into each other at a cafe.;meeting_childhood_neighbour;482;Does it feel strange to see me again?;It feels great to see you again.;He is happy with the surprise meeting.;['Yes', 'No'];No
X and Y are childhood neighbours who unexpectedly run into each other at a cafe.;meeting_childhood_neighbour;514;Are you working nearby?;We are just visiting.;She is not working nearby and is only visiting the area.;['Yes', 'No'];No
X and Y are childhood neighbours who unexpectedly run into each other at a cafe.;meeting_childhood_neighbour;563;Did you dye your hair red?;My hair has always been this color.;Her red coloured hair is natural.;['Yes', 'No'];No
X and Y are childhood neighbours who unexpectedly run into each other at a cafe.;meeting_childhood_neighbour;637;Do you eat here often?;I've never been here.;She never visited the prescribed restaurant before.;['Yes', 'No'];No
X and Y are childhood neighbours who unexpectedly run into each other at a cafe.;meeting_childhood_neighbour;750;Do you ever wish we were still neighbors?;The new neighbor's dog drives me crazy;He implies that they sometimes wish they were still neighbors, possibly to avoid dealing with the annoyance caused by the new neighbor's dog.;['Yes', 'No'];Yes
X and Y are childhood neighbours who unexpectedly run into each other at a cafe.;meeting_childhood_neighbour;767;Did you end up going to college?;I learned on the job.;He did not go to college but gained knowledge and skills through hands-on experience.;['Yes', 'No'];No
X and Y are childhood neighbours who unexpectedly run into each other at a cafe.;meeting_childhood_neighbour;773;Do you live around here?;I got as far away as I could get.;She dislike that place and she managed to find a place to live as far away as she could get.;['Yes', 'No'];No
X and Y are childhood neighbours who unexpectedly run into each other at a cafe.;meeting_childhood_neighbour;803;Have you seen anyone else from the old neighborhood lately?;You're the first person I've seen from my childhood.;He has not encountered anyone else from their old neighborhood recently and she is the only person seen from their childhood in a long time.;['Yes', 'No'];No
X and Y are childhood neighbours who unexpectedly run into each other at a cafe.;meeting_childhood_neighbour;804;Want to grab a coffee so we can catch up more?;I have to run right now -- call me later.;Currently, she is not interested to meet him, so she is trying to postpond it.;['Yes', 'No'];No
X and Y are childhood neighbours who unexpectedly run into each other at a cafe.;meeting_childhood_neighbour;861;Are you very busy these days?;I'm working two jobs right now.;He is working for two jobs so he is very busy these days.;['Yes', 'No'];Yes
X and Y are childhood neighbours who unexpectedly run into each other at a cafe.;meeting_childhood_neighbour;979;Are you working with the government?;I am a freelancer now.;Currently, she is a freelancer which means she is not working with government.;['Yes', 'No'];No
X and Y are childhood neighbours who unexpectedly run into each other at a cafe.;meeting_childhood_neighbour;1001;Did you go to University?;Go Wildcats!;She did attend a university with a strong affinity for a sports team, possibly named the Wildcats.;['Yes', 'No'];Yes
X and Y are childhood neighbours who unexpectedly run into each other at a cafe.;meeting_childhood_neighbour;1005;Do you have any photos of your family now?;Check out my Facebook page.;He will get her family photos from her facebook page.;['Yes', 'No'];Yes
X and Y are childhood neighbours who unexpectedly run into each other at a cafe.;meeting_childhood_neighbour;1181;Are you still as fun as you were when we were young?;I am old and tired now.;She is not as fun as she was young.;['Yes', 'No'];No
X and Y are childhood neighbours who unexpectedly run into each other at a cafe.;meeting_childhood_neighbour;1235;Would you like to exchange memories from the past?;Do you remember the time we made that tree fort?;He likes to exchanges memories from the tree fort that they used to make.;['Yes', 'No'];Yes
X and Y are childhood neighbours who unexpectedly run into each other at a cafe.;meeting_childhood_neighbour;1262;Does your work keep you interested?;It is different everyday.;My what does not keep me interested that it is different everyday.;['Yes', 'No'];Yes
X and Y are childhood neighbours who unexpectedly run into each other at a cafe.;meeting_childhood_neighbour;1459;Are you still friends with our other neighbor?;I keep in touch with them.;He is still in friendship with their other neighbour.;['Yes', 'No'];Yes
X and Y are childhood neighbours who unexpectedly run into each other at a cafe.;meeting_childhood_neighbour;1520;Do your folks still live it the same place?;Their whole married lives!;His folks still live it the same place.;['Yes', 'No'];Yes
X and Y are childhood neighbours who unexpectedly run into each other at a cafe.;meeting_childhood_neighbour;1545;Should I give you my number?;You're already in my phone.;He already have her number.;['Yes', 'No'];No
X and Y are childhood neighbours who unexpectedly run into each other at a cafe.;meeting_childhood_neighbour;1588;Do you know what happened to Jimmy after he moved away?;I haven't heard from him in years.;She doesn't know about Jimmy.;['Yes', 'No'];No
X and Y are childhood neighbours who unexpectedly run into each other at a cafe.;meeting_childhood_neighbour;1667;Do you like the changes around town?;I miss the old stuff.;She doesn't like the changes around the town and she miss the old stuff.;['Yes', 'No'];No
X and Y are childhood neighbours who unexpectedly run into each other at a cafe.;meeting_childhood_neighbour;1677;Is it true you adopted four children?;I only have the one son.;She didn't adopt four children but she has a son.;['Yes', 'No'];No
X and Y are childhood neighbours who unexpectedly run into each other at a cafe.;meeting_childhood_neighbour;1681;Can you still do that funny thing with your tongue?;It's genetic!;He is still able to do that funny thing with his tongue, as it's genetic.;['Yes', 'No'];Yes
X and Y are childhood neighbours who unexpectedly run into each other at a cafe.;meeting_childhood_neighbour;1809;Did you hear a about our friend John's marriage?;I'm out of the loop.;She didn't know about their friend John's marriage as she is not in touch with them.;['Yes', 'No'];No
X and Y are childhood neighbours who unexpectedly run into each other at a cafe.;meeting_childhood_neighbour;1959;Are you happy with your life now?;I'm very content.;He is happy with his life now.;['Yes', 'No'];Yes
X and Y are childhood neighbours who unexpectedly run into each other at a cafe.;meeting_childhood_neighbour;30;Want to grab a coffee one of these days?;How about a beer?;He prefer beer rather than coffee;['Yes', 'No'];No
X and Y are childhood neighbours who unexpectedly run into each other at a cafe.;meeting_childhood_neighbour;120;Can I buy you a drink?;I am not stopping you.;She is also interested to have a drink.;['Yes', 'No'];Yes
Y has just moved into a neighbourhood and meets his/her new neighbour X.;meeting_new_neighbour;34;Do you enjoy mowing the lawn?;It's very zen.;He finds a meditative sense of enjoyment from mowing the lawn.;['Yes', 'No'];Yes
Y has just moved into a neighbourhood and meets his/her new neighbour X.;meeting_new_neighbour;53;Are community gatherings important?;Community gatherings bring people together.;As community gatherings bring people together, it is very important.;['Yes', 'No'];Yes
Y has just moved into a neighbourhood and meets his/her new neighbour X.;meeting_new_neighbour;55;Does your house have a swimming pool?;Our house is very small and bijou.;His house is small and it doesnot have amenities like swimming pool.;['Yes', 'No'];No
Y has just moved into a neighbourhood and meets his/her new neighbour X.;meeting_new_neighbour;87;Are you a traveler?;I've never been outside the state of Virginia.;He likes to travel but he has limited travel experience, not beyond the borders of Virginia.;['Yes', 'No'];No
Y has just moved into a neighbourhood and meets his/her new neighbour X.;meeting_new_neighbour;139;Are you new to the area?;I've lived here forever.;She is not new to the area and has been living there for long period of time.;['Yes', 'No'];No
Y has just moved into a neighbourhood and meets his/her new neighbour X.;meeting_new_neighbour;142;Do you know anyone in the area?;I've met a few co-workers.;She know a few people who work with her.;['Yes', 'No'];Yes
Y has just moved into a neighbourhood and meets his/her new neighbour X.;meeting_new_neighbour;170;Are you from this city?;I moved here from the counrty.;He is from a rural settings and have recently moved to city.;['Yes', 'No'];No
Y has just moved into a neighbourhood and meets his/her new neighbour X.;meeting_new_neighbour;228;Do you have a lot of hobbies?;I prefer do stick to one thing I'm good at.;She prefer to focus on and excel at one particular activity rather than pursuing multiple hobbies.;['Yes', 'No'];No
Y has just moved into a neighbourhood and meets his/her new neighbour X.;meeting_new_neighbour;276;Are you in a relationship?;I have a husband of six years.;She is currently in a committed relationship and has been married for six years.;['Yes', 'No'];Yes
Y has just moved into a neighbourhood and meets his/her new neighbour X.;meeting_new_neighbour;362;Want to come in and have a cup of tea?;You can come over to mine first.;He is extending an invitation to her to visit his residence first.;['Yes', 'No'];No
Y has just moved into a neighbourhood and meets his/her new neighbour X.;meeting_new_neighbour;544;Are you staying long-term?;My job contract is only a year.;His current plan is limited to one year due to their job contract.;['Yes', 'No'];No
Y has just moved into a neighbourhood and meets his/her new neighbour X.;meeting_new_neighbour;562;Did you get the pool key?;Where's the pool?;He has no idea about the pool key.;['Yes', 'No'];No
Y has just moved into a neighbourhood and meets his/her new neighbour X.;meeting_new_neighbour;587;Do you like cats?;We have 5 cats.;She likes cat and have 5 cats with her.;['Yes', 'No'];Yes
Y has just moved into a neighbourhood and meets his/her new neighbour X.;meeting_new_neighbour;658;Would you be interested in a pool party?;That sounds like fun.;He is interested in attending a pool party as he find it enjoyable and fun.;['Yes', 'No'];Yes
Y has just moved into a neighbourhood and meets his/her new neighbour X.;meeting_new_neighbour;688;Is the beach a place you like to go?;I get sunburned too easily;She likes beach spot but because of sunburn allergy she is not able to enjoy there.;['Yes', 'No'];No
Y has just moved into a neighbourhood and meets his/her new neighbour X.;meeting_new_neighbour;740;Do you want to come over for a meal?;What day were you thinking?;She is interested to come over for a meal.;['Yes', 'No'];Yes
Y has just moved into a neighbourhood and meets his/her new neighbour X.;meeting_new_neighbour;849;Do have any pets?;I want a dog soon;He don't have any pet yet but would like to have a dog soon.;['Yes', 'No'];No
Y has just moved into a neighbourhood and meets his/her new neighbour X.;meeting_new_neighbour;867;Did you transfer for work?;I work online currently.;He don't expect a transfer because he curretly work in online mode.;['Yes', 'No'];No
Y has just moved into a neighbourhood and meets his/her new neighbour X.;meeting_new_neighbour;1031;Have you got roommates?;Just my dogs.;He just have a dog with him.;['Yes', 'No'];No
Y has just moved into a neighbourhood and meets his/her new neighbour X.;meeting_new_neighbour;1035;Has your move been easy?;It has been well-organised.;The move has been well-organised and therefore it was easy.;['Yes', 'No'];Yes
Y has just moved into a neighbourhood and meets his/her new neighbour X.;meeting_new_neighbour;1070;Are you pleased with your house?;It's all I ever wanted.;The house is as per her choice and she is very satisfied with it.;['Yes', 'No'];Yes
Y has just moved into a neighbourhood and meets his/her new neighbour X.;meeting_new_neighbour;1134;Do you need help in knowing the neighbourhood?;Can you tell me where the best sushi is?;He is primerly want to know about the place where he can get best sushi.;['Yes', 'No'];Yes
Y has just moved into a neighbourhood and meets his/her new neighbour X.;meeting_new_neighbour;1233;Are you extroverted?;I'm really shy.;She isn't extroverted.;['Yes', 'No'];No
Y has just moved into a neighbourhood and meets his/her new neighbour X.;meeting_new_neighbour;1325;Would you like to join me for a run sometime?;I have bad knees.;She cannot join him for a run because of her bad knees.;['Yes', 'No'];No
Y has just moved into a neighbourhood and meets his/her new neighbour X.;meeting_new_neighbour;1358;Do you like to watch movies?;Every Friday night.;She likes to watch movies every Friday night.;['Yes', 'No'];Yes
Y has just moved into a neighbourhood and meets his/her new neighbour X.;meeting_new_neighbour;1406;Are you a college graduate?;I have a degree;She is a college graduate.;['Yes', 'No'];Yes
Y has just moved into a neighbourhood and meets his/her new neighbour X.;meeting_new_neighbour;1421;Have you been a victim of crime here?;Thankfully I haven't had any problems so far.;She did not faced any problem related to crime here yet.;['Yes', 'No'];No
Y has just moved into a neighbourhood and meets his/her new neighbour X.;meeting_new_neighbour;1435;Do you have a car?;It's parked out front.;I have a car which is parked out front.;['Yes', 'No'];Yes
Y has just moved into a neighbourhood and meets his/her new neighbour X.;meeting_new_neighbour;1551;Do you enjoy the summer weather?;I am dreading winter.;She likes summer as winter is dreading to her.;['Yes', 'No'];Yes
Y has just moved into a neighbourhood and meets his/her new neighbour X.;meeting_new_neighbour;1557;Have you visited any of the local tourist locations?;I've been to the monument.;She visited to the monument for local tour.;['Yes', 'No'];Yes
Y has just moved into a neighbourhood and meets his/her new neighbour X.;meeting_new_neighbour;1617;Do you work in the area?;I work about 5 miles out from this area.;She doesn't work in the area but she works five miles away from it.;['Yes', 'No'];No
Y has just moved into a neighbourhood and meets his/her new neighbour X.;meeting_new_neighbour;1729;Do you smoke?;I quit before my son was born.;She used to smoke before her son was born.;['Yes', 'No'];No
Y has just moved into a neighbourhood and meets his/her new neighbour X.;meeting_new_neighbour;1756;Have you met the other neighbors?;They all seem to be out of town.;She didn't met the other neighbors because they all seem to be out of town.;['Yes', 'No'];No
Y has just moved into a neighbourhood and meets his/her new neighbour X.;meeting_new_neighbour;1824;Are you from here?;I was born here.;She born and grew up here.;['Yes', 'No'];Yes
Y has just moved into a neighbourhood and meets his/her new neighbour X.;meeting_new_neighbour;1845;Do you work full time?;I'm always at the office.;He works full time.;['Yes', 'No'];Yes
Y has just moved into a neighbourhood and meets his/her new neighbour X.;meeting_new_neighbour;1863;Are you renting your place?;For now.;For now he is renting his place.;['Yes', 'No'];Yes
Y has just moved into a neighbourhood and meets his/her new neighbour X.;meeting_new_neighbour;1903;Do you want to hang out?;I'd love to get together.;She wants to hangout and spends sometimes together.;['Yes', 'No'];Yes
Y has just moved into a neighbourhood and meets his/her new neighbour X.;meeting_new_neighbour;1938;Would you like to grab a coffee?;I only drink tea.;She drinks only tea, so she is not interested for haviing coffee.;['Yes', 'No'];No
Y has just moved into a neighbourhood and meets his/her new neighbour X.;meeting_new_neighbour;1971;Do you like it here?;So far it seems like a great place to live.;He likes the place so far.;['Yes', 'No'];Yes
Y has just moved into a neighbourhood and meets his/her new neighbour X.;meeting_new_neighbour;68;Do you have any kids?;I plan on having them in the future.;She does not have any kids, but she is planning to have in future.;['Yes', 'No'];No
X wants to know about Y's music preferences.;music_preferences;927;Do you like rock music?;It's the only thing I listen to.;She exclusively enjoys listening to rock music.;['Yes', 'No'];Yes
X wants to know about Y's music preferences.;music_preferences;951;Do you like African music?;It's got a deep feeling to it.;He enjoys African Music and he has a deep feeling to it.;['Yes', 'No'];Yes
X wants to know about Y's music preferences.;music_preferences;956;Do you want to put on your favorite song?;You choose, maybe I will find something new to love.;She wish to change his playlist and she is open for recommendations.;['Yes', 'No'];No
X wants to know about Y's music preferences.;music_preferences;994;Have you ever played guitar in a band on stage?;I played the drums on stage.;He played drums instead of guitar on stage.;['Yes', 'No'];No
X wants to know about Y's music preferences.;music_preferences;1004;Do you listen to the radio?;Only when I am in my car.;She is having a habit of listen to the radio while driving.;['Yes', 'No'];Yes
X wants to know about Y's music preferences.;music_preferences;116;Have you been to a musical/opera?;I prefer ballet.;He has preferences for ballet performance over musicals or operas.;['Yes', 'No'];No
X wants to know about Y's music preferences.;music_preferences;1084;Do you like to play at Open Mike sessions?;I'm too shy to get up in front of a crowd.;He likes to play at open mike session but his shyness prevents from that.;['Yes', 'No'];No
X wants to know about Y's music preferences.;music_preferences;1133;Do you like Indian music?;I'm not a fan of world music.;She doesn't generally enjoy world music, which could include Indian music.;['Yes', 'No'];No
X wants to know about Y's music preferences.;music_preferences;1164;Do you enjoy country music?;I'm a two stepper.;She enjoys country music to the extent that they are familiar with the two-step dance associated with country music culture.;['Yes', 'No'];Yes
X wants to know about Y's music preferences.;music_preferences;1207;Do you like classic music?;Chopin is my most played composer.;She likes classic music and Chopin is her most played composer.;['Yes', 'No'];Yes
X wants to know about Y's music preferences.;music_preferences;1214;Did you go to the last music festival?;I was too busy.;He did not go to the last music festival as he was very busy;['Yes', 'No'];No
X wants to know about Y's music preferences.;music_preferences;1264;Do you have a favorite musician?;I overplay Tash Sultana's music.;Tash Sultana's music is my favourite music.;['Yes', 'No'];Yes
X wants to know about Y's music preferences.;music_preferences;1272;Do you like oldies?;Every once in a while.;He like oldies once in a while.;['Yes', 'No'];Yes
X wants to know about Y's music preferences.;music_preferences;1390;You wanna hit a country-western bar tonight?;I really dig line dancing!;He wants to go to a country-western bar tonight.;['Yes', 'No'];Yes
X wants to know about Y's music preferences.;music_preferences;243;Would you like something European?;European things make me feel interesting.;She likes European things.;['Yes', 'No'];Yes
X wants to know about Y's music preferences.;music_preferences;1456;Do you like drum and bass?;My subwoofer shakes the entire house.;She likes drum and bass.;['Yes', 'No'];Yes
X wants to know about Y's music preferences.;music_preferences;1488;Do you like songs with acoustic guitar?;I have been learning acoustic guitar.;He likes songs with acoustic guitar and he learn acoustic guitar.;['Yes', 'No'];Yes
X wants to know about Y's music preferences.;music_preferences;1497;Would you start a band?;I gave up performing.;He won't start band as he left performing.;['Yes', 'No'];No
X wants to know about Y's music preferences.;music_preferences;1522;Do you have a favourite instrument?;There are too many to choose from.;There are too many istruments to choose from. So it seems she has not any favourtie instrument.;['Yes', 'No'];No
X wants to know about Y's music preferences.;music_preferences;1546;Would you listen to Kpop?;It makes me happy.;She listen listen to Kpop.;['Yes', 'No'];Yes
X wants to know about Y's music preferences.;music_preferences;1577;You like high pitch songs?;They irritate me.;High pitch songs make him irritate.;['Yes', 'No'];No
X wants to know about Y's music preferences.;music_preferences;574;Are you into going to festivals?;Festivals are too crowded for me.;She is not going to festivals because of its crowds.;['Yes', 'No'];No
X wants to know about Y's music preferences.;music_preferences;1660;Do you sing at karaoke bars?;No one will get me to sing in front of a crowd.;He doesn't sing at karaoke bars as no one allow him to sing in front of a crowd.;['Yes', 'No'];No
X wants to know about Y's music preferences.;music_preferences;1724;Did you dance at the event?;I couldn't stop, the music was hot.;She danced a lot at the event because of the hot music.;['Yes', 'No'];Yes
X wants to know about Y's music preferences.;music_preferences;1897;Do you like top 40 music?;I only listen to classical music.;Instead of listening top 40 music he prefers to listen to classic music.;['Yes', 'No'];No
X wants to know about Y's music preferences.;music_preferences;1966;Do you like any current artists in the charts?;I like Sia's music.;He likes Sia's music from current artists in the charts.;['Yes', 'No'];Yes
X wants to know about Y's music preferences.;music_preferences;1967;Do you like techno music?;Dance music isn't really my vibe.;She doesn't like techno music.;['Yes', 'No'];No
X wants to know about Y's music preferences.;music_preferences;261;Do you like Michael Buble?;You call that music?;She doesn't consider Michael Bubble a good singer and doesn't like his music.;['Yes', 'No'];No
X wants to know about Y's music preferences.;music_preferences;300;Have you heard Lizzo new song?;I have her album;He is an active listner of Lizzo's song, including her new song.;['Yes', 'No'];Yes
X wants to know about Y's music preferences.;music_preferences;326;Do you have a favorite music station?;I don't listen to the radio.;Radio itself is not his favorite kind of thing.;['Yes', 'No'];No
X wants to know about Y's music preferences.;music_preferences;51;Do you have any formal musical training?;I went to London College of Music.;He has received formal musical training at the London College of Music.;['Yes', 'No'];Yes
X wants to know about Y's music preferences.;music_preferences;559;Are you going to any concerts this year?;I just bought tickets to see Thom Yorke!;She is excited about attending the Thom Yoke concert, indicating that she is indeed planning to attend a concert this year.;['Yes', 'No'];Yes
X wants to know about Y's music preferences.;music_preferences;689;Are you still into heavy metal music ?;I have moved on from that.;Once he was into heavy metal music but now he is away from that.;['Yes', 'No'];No
X wants to know about Y's music preferences.;music_preferences;74;Do you play the piano?;I took lessons in college.;He is a trained piano player.;['Yes', 'No'];Yes
X wants to know about Y's music preferences.;music_preferences;817;Did you attend the latest Madonna concert?;i have never seen Madonna.;She has not attended any Madonna concert in the past.;['Yes', 'No'];No
X wants to know about Y's music preferences.;music_preferences;862;Do you play instruments?;I am all thumbs.;He does not play instruments well.;['Yes', 'No'];No
X wants to know about Y's music preferences.;music_preferences;94;Is reggae your thing?;It's good music for chilling in the summer.;Reggae music is not in his primary preference but he appreciate for certain occasions.;['Yes', 'No'];Yes
X wants to know about Y's music preferences.;music_preferences;95;Do you like reggaeton music?;It gives me a headache.;He does not enjoy reggaeton music and finds it discomforting that leads to headache.;['Yes', 'No'];No
X wants to know about Y's music preferences.;music_preferences;887;Have you been to ACL Festival?;Where is that one?;She never been to ACL festival, she even don't know where it is.;['Yes', 'No'];No
X wants to know about Y's music preferences.;music_preferences;891;Do you like bossanova?;That music really gets me moving!;She likes bossanova which makes her dance.;['Yes', 'No'];Yes
Y has just told X that he/she is considering switching his/her job.;switching_jobs;674;Do you do accounting tasks, like with spreadsheets?;Without spreadsheets, I wouldn't be able to keep things organised.;Her work totally depends on the accounting task in spreadsheet.;['Yes', 'No'];Yes
Y has just told X that he/she is considering switching his/her job.;switching_jobs;1011;Does your current position have growth potential?;I've heard about a lot of people moving up from there.;Her current position have growth potential and she know many such stories.;['Yes', 'No'];Yes
Y has just told X that he/she is considering switching his/her job.;switching_jobs;1068;Do you need any help with your resume?;I'll take any suggestions.;He is open to take any suggestions for preparing his resume.;['Yes', 'No'];Yes
Y has just told X that he/she is considering switching his/her job.;switching_jobs;1086;Is the new potential job in the same field?;I'm not switching fields.;He is not considering a career change to a different field.;['Yes', 'No'];Yes
Y has just told X that he/she is considering switching his/her job.;switching_jobs;279;Do you make enough money at your job?;I could make more.;She is not getting enough money at her job.;['Yes', 'No'];No
Y has just told X that he/she is considering switching his/her job.;switching_jobs;138;Are you in a support position?;I am the head of a department.;She is not in a support role rather she holds a high-level position of authority.;['Yes', 'No'];No
Y has just told X that he/she is considering switching his/her job.;switching_jobs;1251;Do you have a specific job in mind?;I'm exploring lots of options.;She has no specific job in her mind as she is exploring lots of options;['Yes', 'No'];No
Y has just told X that he/she is considering switching his/her job.;switching_jobs;147;Are you in-line for a promotion?;I've been here long enough.;She believes her long years experience in the company might consider as a factor for promotion.;['Yes', 'No'];Yes
Y has just told X that he/she is considering switching his/her job.;switching_jobs;1267;Are you thinking of going into the same field?;I wouldn't mind branching out a bit.;She is thinking of going into the same field.;['Yes', 'No'];No
Y has just told X that he/she is considering switching his/her job.;switching_jobs;1453;Do you like your boss?;He is such an unpleasant person.;She does not like her boss.;['Yes', 'No'];No
Y has just told X that he/she is considering switching his/her job.;switching_jobs;1464;Is your job a manual labor?;It actually is computer-related;His job is related to computer rather than manual labour.;['Yes', 'No'];No
Y has just told X that he/she is considering switching his/her job.;switching_jobs;1571;Do you work with a lot of people?;Our team is small.;She works with a small team insted of lot people.;['Yes', 'No'];No
Y has just told X that he/she is considering switching his/her job.;switching_jobs;1601;Have you ever taken a day off sick when you were not actually sick?;I can't imagine doing that.;I never take a day off because of sickness instead of being well.;['Yes', 'No'];No
Y has just told X that he/she is considering switching his/her job.;switching_jobs;1686;Is it in tech?;I work in the arts.;I work in the arts instead of tech.;['Yes', 'No'];No
Y has just told X that he/she is considering switching his/her job.;switching_jobs;1693;Are you a Supervisor now?;I will be soon.;He is not a Supervisor now but he will be soon.;['Yes', 'No'];No
Y has just told X that he/she is considering switching his/her job.;switching_jobs;1805;Are you happy with your salary?;I would like a raise.;He is not satisfied with his current salary.;['Yes', 'No'];No
Y has just told X that he/she is considering switching his/her job.;switching_jobs;1859;Do you want to work remotely?;I'd love to work at my home office.;He is willing to work at his home office remotely.;['Yes', 'No'];Yes
Y has just told X that he/she is considering switching his/her job.;switching_jobs;226;Do you not like your boss?;She doesn't like me either.;He doesn't like his boss and also his boss doesn't like him.;['Yes', 'No'];Yes
Y has just told X that he/she is considering switching his/her job.;switching_jobs;1879;In work, do you find yourself to be analytical?;I often think about things.;To work, he finds himself to be analytical.;['Yes', 'No'];Yes
Y has just told X that he/she is considering switching his/her job.;switching_jobs;1913;Is it a newly formed company?;They were founded in 1945.;It is not a new company. The company was founded in 1945.;['Yes', 'No'];No
Y has just told X that he/she is considering switching his/her job.;switching_jobs;806;Any thoughts on what you'd do instead?;Work on a farm sounds interesting.;She is thinking to switch her job to a farm.;['Yes', 'No'];Yes
Y has just told X that he/she is considering switching his/her job.;switching_jobs;1968;Do you like to do repetitive work?;I find it pretty boring.;She doesn't like  to do repetitive work as it is pretty boring.;['Yes', 'No'];No
Y has just told X that he/she is considering switching his/her job.;switching_jobs;25;Do you want a new challenge?;I've been so bored at work.;He want a new challenge, as he wish to escape from the boring current job;['Yes', 'No'];Yes
Y has just told X that he/she is considering switching his/her job.;switching_jobs;249;Have you been with the company long?;Two or so years.;He has been working for the company for approximately two years which is a moderate lenght of employment with in the company.;['Yes', 'No'];Yes
Y has just told X that he/she is considering switching his/her job.;switching_jobs;314;Are there many people who come and go?;Most people don't last a month.;People are not ready to stay at least a month long, they just moves with in a short span of time.;['Yes', 'No'];Yes
Y has just told X that he/she is considering switching his/her job.;switching_jobs;330;Does your job have a special skill required?;I need to know SalesForce down cold.;His job requires a high level of proficiency in SalesForce down cold.;['Yes', 'No'];Yes
Y has just told X that he/she is considering switching his/her job.;switching_jobs;333;Do you have the experience to succeed in that job?;I'm overqualified for the position.;She believe she can excel in her current position because she is having more experience than the position demands.;['Yes', 'No'];Yes
Y has just told X that he/she is considering switching his/her job.;switching_jobs;353;Do you want to work closer to home?;Who wouldn't?;He agrees that working closer to home is desirable and he believe that most people would prefer so.;['Yes', 'No'];Yes
Y has just told X that he/she is considering switching his/her job.;switching_jobs;39;Will you be the head of your department?;That position has been filled.;He is aware that someone else has already been appointed, indicating that he will not get a chance.;['Yes', 'No'];No
Y has just told X that he/she is considering switching his/her job.;switching_jobs;384;Have you been to college?;I studied at Harvard.;She attended Harvard University for her college education.;['Yes', 'No'];Yes
Y has just told X that he/she is considering switching his/her job.;switching_jobs;404;Do you feel passionately about your position or your industry?;I could take it or leave it.;He does not have strong feelings of passion towards her position or the industry she work in.;['Yes', 'No'];No
Y has just told X that he/she is considering switching his/her job.;switching_jobs;542;Do you often feel unchallenged at work?;I have plenty to do.;She does not feel unchallenged because she has enough tasks and responsibilities to keep her occupied and engaged.;['Yes', 'No'];No
Y has just told X that he/she is considering switching his/her job.;switching_jobs;66;Are you concerned about your salary?;It's way too low.;He is concerened about his salary which is significantly inadequate.;['Yes', 'No'];Yes
Y has just told X that he/she is considering switching his/her job.;switching_jobs;647;Are you looking for a role with a flexible schedule?;Flexible hours are a must.;She is only looking for a job with a flexible schedule.;['Yes', 'No'];Yes
Y has just told X that he/she is considering switching his/her job.;switching_jobs;648;Is the new job offering you more money?;It's a pay cut.;The new job is offering less money than his current job.;['Yes', 'No'];No
Y has just told X that he/she is considering switching his/her job.;switching_jobs;661;Do you have to travel frequently?;I have to visit clients about once a month.;He has to travel frequently to visit clients approximately once a month.;['Yes', 'No'];Yes
Y has just told X that he/she is considering switching his/her job.;switching_jobs;678;Will you need health insurance?;I think I can take my old plan with me.;He is pretty much happy with his old health insurance plan and he decided to continue that.;['Yes', 'No'];No
Y has just told X that he/she is considering switching his/her job.;switching_jobs;746;Do you have many different skills and talents?;I am only good at sports.;His interest lies only in sports.;['Yes', 'No'];No
Y has just told X that he/she is considering switching his/her job.;switching_jobs;81;Would you like more benefits from your job?;I could use more dental coverage.;He has dental concerns, and he is hoping to receive its coverage as part of his job benifits.;['Yes', 'No'];Yes
Y has just told X that he/she is considering switching his/her job.;switching_jobs;809;you don't like the company culture?;It is a toxic environment.;He is not happy with the company's culture and finds it detrimental to their well-being and overall work experience.;['Yes', 'No'];No
Y has just travelled from a different city to meet X.;travelling_to_meet_someone;920;Would you like to get some coffee?;Let's try that new cafe I saw.;She would like to get some coffee from new cafe.;['Yes', 'No'];Yes
Y has just travelled from a different city to meet X.;travelling_to_meet_someone;973;Did you know we have a world-famous zoo here?;Really?;She is not aware of the world-famous zoo.;['Yes', 'No'];No
Y has just travelled from a different city to meet X.;travelling_to_meet_someone;868;Do you like Indian food?;It's usually too hot.;He cannot handle Indian food because it is too hot for him.;['Yes', 'No'];No
Y has just travelled from a different city to meet X.;travelling_to_meet_someone;113;Have you heard of any local restaurants?;I'm sure you'll point us in the right direction.;She is not aware of any local restaurants and she is open to receive guidance from him.;['Yes', 'No'];No
Y has just travelled from a different city to meet X.;travelling_to_meet_someone;947;Would you like to go out tonight?;I have kept it open for us.;She would like to go out for dinner to night.;['Yes', 'No'];Yes
Y has just travelled from a different city to meet X.;travelling_to_meet_someone;124;Do you want to meet some of my friends?;I need new friends.;She is expressing her desire to have new friends and for that she is ready to meet his friends.;['Yes', 'No'];Yes
Y has just travelled from a different city to meet X.;travelling_to_meet_someone;1111;Do you like alcohol or wine with dinner?;I would like water.;He prefer only water not alcohol or wine.;['Yes', 'No'];No
Y has just travelled from a different city to meet X.;travelling_to_meet_someone;1211;Did you miss me?;I wish you lived closer.;He misses her and wishes she lived closer.;['Yes', 'No'];Yes
Y has just travelled from a different city to meet X.;travelling_to_meet_someone;1268;Did you came alone?;My kids are in the car.;I came with my kids, who are in the car.;['Yes', 'No'];No
Y has just travelled from a different city to meet X.;travelling_to_meet_someone;1315;Can you drink?;I enjoy red wine.;I can drink only red wine.;['Yes', 'No'];Yes
Y has just travelled from a different city to meet X.;travelling_to_meet_someone;1317;Are your parents still alive?;I think they might outlive me.;They are still alive but they might outlive me.;['Yes', 'No'];Yes
Y has just travelled from a different city to meet X.;travelling_to_meet_someone;190;Do you like Country side?;Anything rural makes me happy.;He likes country site as it makes him happy.;['Yes', 'No'];Yes
Y has just travelled from a different city to meet X.;travelling_to_meet_someone;155;Do you want to change before we go out to dinner?;I'm comfortable in what I have on.;She does not feel to change her current attire for the dinner outing.;['Yes', 'No'];No
Y has just travelled from a different city to meet X.;travelling_to_meet_someone;1370;Did you bring everything you need?;I need to pick up some groceries.;I brought everything that I need except some groceries.;['Yes', 'No'];No
Y has just travelled from a different city to meet X.;travelling_to_meet_someone;224;Did you know there's no sales tax in Oregon?;Nobody told me.;I didn't know that there is no sales tax in Oregon.;['Yes', 'No'];No
Y has just travelled from a different city to meet X.;travelling_to_meet_someone;684;Are you leaving tomorrow?;We are going to the comedy show tomorrow, remember?;She is not leaving tommorow and planning to go to the comedy show tomorrow with him.;['Yes', 'No'];No
Y has just travelled from a different city to meet X.;travelling_to_meet_someone;216;Did you stop anywhere on the way?;I didn't have time.;She is not able to make any stops during the journey because she is constrained by time.;['Yes', 'No'];No
Y has just travelled from a different city to meet X.;travelling_to_meet_someone;1821;Want me to show you around?;Give me the tour.;He is interested in a tour around.;['Yes', 'No'];Yes
Y has just travelled from a different city to meet X.;travelling_to_meet_someone;1830;Did you enjoy your flight?;I threw up twice.;He didn't enjoys his flight.;['Yes', 'No'];No
Y has just travelled from a different city to meet X.;travelling_to_meet_someone;1877;Did you find my place OK?;I was very relaxed.;She finds his place very relaxed.;['Yes', 'No'];Yes
Y has just travelled from a different city to meet X.;travelling_to_meet_someone;1923;Did you bring a warm coat?;I have a down jacket.;Instead of a warm coat he has a town jacket.;['Yes', 'No'];Yes
Y has just travelled from a different city to meet X.;travelling_to_meet_someone;741;Do you want to rest before we catch up?;I just need 10 minutes to freshen up.;She needs only 10 minutes before they catch up.;['Yes', 'No'];No
Y has just travelled from a different city to meet X.;travelling_to_meet_someone;869;Would you like to have a BBQ?;Let's invite everyone over.;She is interested to have a bar-b-que and to invite everyone over.;['Yes', 'No'];Yes
Y has just travelled from a different city to meet X.;travelling_to_meet_someone;359;Interested in hitting the outlet mall?;Let's go!;He is enthusiastic in visiting outlet mall for the purpose of shopping.;['Yes', 'No'];Yes
Y has just travelled from a different city to meet X.;travelling_to_meet_someone;38;Do you want to catch a Christmas movie later?;I hope it is funny.;He wish to watch humorous Chrismas movie.;['Yes', 'No'];Yes
Y has just travelled from a different city to meet X.;travelling_to_meet_someone;408;Are you employed?;I'm a veterinary technician.;He is employed and he work as veterinary technician.;['Yes', 'No'];Yes
Y has just travelled from a different city to meet X.;travelling_to_meet_someone;432;Do you go bar hoping often?;I don't drink anymore.;He used to drink alcohol in the past but has since stopped drinking.;['Yes', 'No'];No
Y has just travelled from a different city to meet X.;travelling_to_meet_someone;436;Want to get a pedicure?;My toes are a mess.;She feels her toes need attention, therefore she want pedicure to address the feet condition.;['Yes', 'No'];Yes
Y has just travelled from a different city to meet X.;travelling_to_meet_someone;507;Do you want to go to the mall?;I hate shopping.;He do not want to go mall for the purpose of shopping because he hate offline shopping.;['Yes', 'No'];No
Y has just travelled from a different city to meet X.;travelling_to_meet_someone;618;Do you want to get a bagel?;My favorites are actually donuts.;She would prefer to get donuts instead of a bagel.;['Yes', 'No'];No
Y has just travelled from a different city to meet X.;travelling_to_meet_someone;631;Do you want to relax?;I'm ready for bed.;He is extreemly tired and he badly want to have sleep.;['Yes', 'No'];Yes
Y has just travelled from a different city to meet X.;travelling_to_meet_someone;638;Was your flight on time?;We arrived early.;Their flight landed before timie.;['Yes', 'No'];Yes
Y has just travelled from a different city to meet X.;travelling_to_meet_someone;7;Would you like to pet my dog?;I am allergic.;He dont like to pet gogs because he is allergic;['Yes', 'No'];No
Y has just travelled from a different city to meet X.;travelling_to_meet_someone;670;Would you like to watch a show?;Let's just get drunk at a bar.;He is not interested in watching a show and would rather go to a bar to drink.;['Yes', 'No'];No
Y has just travelled from a different city to meet X.;travelling_to_meet_someone;713;Have you been eating alright?;My doctor says I am healthy.;Her food habit is alright because her doctor has indicated that she is healthy based on her eating habits.;['Yes', 'No'];Yes
Y has just travelled from a different city to meet X.;travelling_to_meet_someone;714;You miss things around here?;I have been too busy.;She will remain busy and won't get time to get the feel of missing.;['Yes', 'No'];No
Y has just travelled from a different city to meet X.;travelling_to_meet_someone;736;Would you like to go outside?;I'm into camping in the woods.;He enjoys outside camping especially in the woods.;['Yes', 'No'];Yes
Y has just travelled from a different city to meet X.;travelling_to_meet_someone;796;Are you still planning to retire next year?;I wish!;He wish to retire next year.;['Yes', 'No'];No
Y has just travelled from a different city to meet X.;travelling_to_meet_someone;840;Did you like the restaurant we went to?;I would rate it 1 out of 5.;He had a worst experience from that restaurant.;['Yes', 'No'];No
Y has just travelled from a different city to meet X.;travelling_to_meet_someone;590;Have you tried the tex mex here?;It's a little too spicy for me.;She tried the tex mex and he felt it too spicy.;['Yes', 'No'];Yes
X wants to know what activities Y likes to do during weekends.;weekend_activities;10;Are you looking to meet people?;I'm happy on my own.;He is happy with being alone and he don't want to meet people;['Yes', 'No'];No
X wants to know what activities Y likes to do during weekends.;weekend_activities;28;Do you play football on weekends?;I gave that up.;He has stopped playing football;['Yes', 'No'];No
X wants to know what activities Y likes to do during weekends.;weekend_activities;40;Do you prefer to relax on the weekends?;I pack my weekends with activities.;His weekends are filled with activities rather than focused on relaxation.;['Yes', 'No'];No
X wants to know what activities Y likes to do during weekends.;weekend_activities;43;Are you free this weekend?;I have a full weekend.;He has prior commitments througout the weekends, so he is not available.;['Yes', 'No'];No
X wants to know what activities Y likes to do during weekends.;weekend_activities;49;Are you dating anyone right now?;I have been married for several years.;He is in a committed marital relationship and not actively in dating.;['Yes', 'No'];No
X wants to know what activities Y likes to do during weekends.;weekend_activities;67;Do you have any plans this weekend?;I need to buy a car.;His plan for the weekend is to purchase a car.;['Yes', 'No'];Yes
X wants to know what activities Y likes to do during weekends.;weekend_activities;76;Can you swim?;I swim like a fish.;He is an extra ordinary swimmer.;['Yes', 'No'];Yes
X wants to know what activities Y likes to do during weekends.;weekend_activities;88;Do you like to take some time for yourself on the weekends?;It's important to me.;He prioratizes having personal moments during the weekends.;['Yes', 'No'];Yes
X wants to know what activities Y likes to do during weekends.;weekend_activities;132;Would you ever be willing to volunteer?;That's a terrible idea.;She is not interested to join as volunteer because she consider it as a hectic task.;['Yes', 'No'];No
X wants to know what activities Y likes to do during weekends.;weekend_activities;143;Are you partying this weekend?;I'm going to go out every night.;Not only in weekend,  she enjoys socializing every day.;['Yes', 'No'];Yes
X wants to know what activities Y likes to do during weekends.;weekend_activities;173;Do you have a lot of free time on the weekends?;The kids keep me busy.;She rarely have free time at weekend because her kids always make her busy.;['Yes', 'No'];No
X wants to know what activities Y likes to do during weekends.;weekend_activities;189;Are you a fan of mountain climbing?;I'm too intimidated.;I am not a fan of mountain climbing as I am scared of it.;['Yes', 'No'];No
X wants to know what activities Y likes to do during weekends.;weekend_activities;268;Do you want to go solo?;I wouldn't mind some company.;He is open to have company of some one rather than going alone.;['Yes', 'No'];No
X wants to know what activities Y likes to do during weekends.;weekend_activities;365;Want to go dancing?;I've got two left feet.;She like dancing but she believes that she is not skilled for dancing.;['Yes', 'No'];No
X wants to know what activities Y likes to do during weekends.;weekend_activities;417;Do you enjoy playing any sports?;I like to read or watch TV.;She don't prefer to have physical activities, instead she is interested in indoor activities like reading, watching TV.;['Yes', 'No'];No
X wants to know what activities Y likes to do during weekends.;weekend_activities;422;Do you like any sports?;Cricket is my favourite.;She like sports, especially cricket.;['Yes', 'No'];Yes
X wants to know what activities Y likes to do during weekends.;weekend_activities;481;Do you like being creative?;I like to draw.;He like creative art such as drawing.;['Yes', 'No'];Yes
X wants to know what activities Y likes to do during weekends.;weekend_activities;549;Have you been to the new bar downtown?;I haven't heard of it.;He has not been to the new bar downtown because he not even heard of it.;['Yes', 'No'];No
X wants to know what activities Y likes to do during weekends.;weekend_activities;783;Are you interested in going to the concert on Sunday?;I love listening to live music!;He us interested to join for concert on sunday.;['Yes', 'No'];Yes
X wants to know what activities Y likes to do during weekends.;weekend_activities;826;Have you checked the concerts happening in the area?;I'm not a fan of live music.;He has no idea about the concerts list because he is not into it.;['Yes', 'No'];No
X wants to know what activities Y likes to do during weekends.;weekend_activities;897;You like swimming?;I can't swim;He like swimming but he is not trained for swimming.;['Yes', 'No'];No
X wants to know what activities Y likes to do during weekends.;weekend_activities;1008;Do you like cycling?;I cycle to work every day.;He usually cycle to work, so she likes cycling;['Yes', 'No'];Yes
X wants to know what activities Y likes to do during weekends.;weekend_activities;1024;Have you ever been to the opera?;La Boheme is my favourite.;He likes opera specially La Boheme.;['Yes', 'No'];Yes
X wants to know what activities Y likes to do during weekends.;weekend_activities;1032;Do you know about that band coming to town?;I'm on their email list.;She has received notification mail about the event and she is aware of the same.;['Yes', 'No'];Yes
X wants to know what activities Y likes to do during weekends.;weekend_activities;1101;Are you going to the club this weekend?;I gave up my membership.;He has no interest in club programs, so he canceled their membership to the club.;['Yes', 'No'];No
X wants to know what activities Y likes to do during weekends.;weekend_activities;1119;Have you been to a farmer's market?;There's one close to us.;She went to a farmer's market nearby.;['Yes', 'No'];Yes
X wants to know what activities Y likes to do during weekends.;weekend_activities;1122;Do you meet up with friends on weekends?;I am very sociable at the weekend.;He already scheduled for the meet up with friends on weekends.;['Yes', 'No'];Yes
X wants to know what activities Y likes to do during weekends.;weekend_activities;1161;Do you like going out?;Quiet nights at home make me happy.;She would like to stay back at home.;['Yes', 'No'];No
X wants to know what activities Y likes to do during weekends.;weekend_activities;1176;Are you into salsa dancing?;I am taking lessons.;She is into Salsa dancing and taking lessons of it too.;['Yes', 'No'];Yes
X wants to know what activities Y likes to do during weekends.;weekend_activities;1193;Are you adventurous?;Adventure is my middle name.;He does not like adventure as it's his middle name.;['Yes', 'No'];Yes
X wants to know what activities Y likes to do during weekends.;weekend_activities;1240;Do you enjoy arts & crafts?;I like making things with my hands.;He likes making things with his hands. So it is assumed that he enjoys arts and crafts.;['Yes', 'No'];Yes
X wants to know what activities Y likes to do during weekends.;weekend_activities;1348;Can you shoot pool?;I'd love to learn.;She doesn't know how to shoot pool and she wants to learn it.;['Yes', 'No'];No
X wants to know what activities Y likes to do during weekends.;weekend_activities;1353;Do you like to be active?;I'm always running around.;I am always running around and like to be active.;['Yes', 'No'];Yes
X wants to know what activities Y likes to do during weekends.;weekend_activities;1445;Are you a foodie?;I have my own food blog.;She has are own food blog. So it seems she is a foodie.;['Yes', 'No'];Yes
X wants to know what activities Y likes to do during weekends.;weekend_activities;1676;Do you enjoy travel?;Short trips help me revive.;She enjoys short trips which make her revive.;['Yes', 'No'];Yes
X wants to know what activities Y likes to do during weekends.;weekend_activities;1792;Do you like watching movies at the cinema?;Netflix is better.;He finds Netflix better than going out for cinema.;['Yes', 'No'];No
X wants to know what activities Y likes to do during weekends.;weekend_activities;1864;Would you like to go camping?;I am afraid of wolves.;She is afraid of wolves, so she doesn't like to go campaign.;['Yes', 'No'];No
X wants to know what activities Y likes to do during weekends.;weekend_activities;1951;Are you afraid of heights?;You could say that.;She is afraid of heights.;['Yes', 'No'];Yes
X wants to know what activities Y likes to do during weekends.;weekend_activities;1964;Have you ever tried skating?;I grew up ice skating.;He tried skating many time as he grew up skating.;['Yes', 'No'];Yes
X wants to know what activities Y likes to do during weekends.;weekend_activities;718;Have you ever been skating?;I've always wanted to.;She always wished to do skating but till date she was unable to get the opportunity.;['Yes', 'No'];No
